GalaxyID,Sigma_0,Prediction,Linear_RMSE,Tapered_RMSE,Linear_BIC,Tapered_BIC,Delta_BIC,Preferred_Model,Verdict
DDO154,61.615865,Tapered (LSB Regime),5.455923,1.512859,947.026926,38.778260,908.248667,Tapered,CORRECT
NGC3198,617.904587,Transition Zone,22.335921,6.442369,4752.686426,63.385016,4689.301410,Tapered,N/A (Transition)
DDO161,58.597762,Tapered (LSB Regime),2.282883,1.638516,98.440966,20.074640,78.366326,Tapered,CORRECT
NGC2841,2259.720071,Linear (HSB Regime),57.509784,7.589459,3392.170504,116.969179,3275.201324,Tapered,INCORRECT
NGC7331,1582.878150,Linear (HSB Regime),16.580461,17.612815,272.453115,324.250533,-51.797419,Linear,CORRECT
NGC0300,151.853304,Tapered (LSB Regime),11.142545,3.530249,197.806109,17.797600,180.008509,Tapered,CORRECT
M33,,Unknown,31.053169,9.486081,4159.771675,264.226376,3895.545299,Tapered,N/A (Transition)
